name,amount,unit,vial_ml,components
GLP3-R,10,MG,3,
GLP3-R,20,MG,3,
NAD+,1000,MG,5,
SS-31,50,MG,10,
L-CARNITINE,600,MG,10,
CAGRILINTIDE,10,MG,3,
KLOW,80,MG,3,GHK-Cu 50MG / BPC 10MG / TB5 10MG / KPV 10MG
GLOW,70,MG,3,GHK-Cu 50MG / BPC 10MG / TB5 10MG
BPC-157/TB-500,20,MG,3,10MG / 10MG
CJC 1295/IPAMORELIN,10,MG,3,
BPC-157,10,MG,3,
GHK-CU,100,MG,3,
SELANK,10,MG,3,
SEMAX,10,MG,3,
KPV,10,MG,3,
DSIP,10,MG,3,
GLUTATHIONE,600,MG,10,
EPITHALON,50,MG,10,
TB-500,10,MG,3,
KISSPEPTIN,10,MG,3,
MOTS-C,20,MG,3,
MOTS-C,40,MG,3,
TESAMORELIN,20,MG,3,
VIP,5,MG,3,
5-AMINO-1-MQ,50,MG,3,
MELANOTAN-1,10,MG,3,
MELANOTAN-2,10,MG,3,
ADAMAX,10,MG,3,
HCG,5000,IU,3,
CARTALAX,20,MG,3,
AOD-9604,10,MG,3,
RESEARCH WATER,10,ML,10,
